Name,Landmass,Zone,Area,Population,Language,Religion,Bars,Stripes,Colours,Red,Green,Blue,Gold,White,Black,Orange,Mainhue,Circles,Crosses,Saltires,Quarters,Sunstars,Crescente,Triangle,Icon,Animate,Text,Topleft,Topright
Afghanistan,Asia,Norte-Leste,648,16,Others,Muslim,0,3,5,1,1,0,1,1,1,0,green,0,0,0,0,1,0,0,1,0,0,black,green
Albania,Europa,Norte-Leste,29,3,Outro Indo-Europeu,Marxist,0,0,3,1,0,0,1,0,1,0,red,0,0,0,0,1,0,0,0,1,0,red,red
Algeria,Africa,Norte-Leste,2388,20,Arabic,Muslim,2,0,3,1,1,0,0,1,0,0,green,0,0,0,0,1,1,0,0,0,0,green,white
American-Samoa,Oceania,Sul-Oeste,0,0,English,Other Christian,0,0,5,1,0,1,1,1,0,1,blue,0,0,0,0,0,0,1,1,1,0,blue,red
Andorra,Europa,Norte-Leste,0,0,Outro Indo-Europeu,Catholic,3,0,3,1,0,1,1,0,0,0,gold,0,0,0,0,0,0,0,0,0,0,blue,red
Angola,Africa,Sul-Leste,1247,7,Others,Ethnic,0,2,3,1,0,0,1,0,1,0,red,0,0,0,0,1,0,0,1,0,0,red,black
Anguilla,North America,Norte-Oeste,0,0,English,Other Christian,0,1,3,0,0,1,0,1,0,1,white,0,0,0,0,0,0,0,0,1,0,white,blue
Antigua-Barbuda,North America,Norte-Oeste,0,0,English,Other Christian,0,1,5,1,0,1,1,1,1,0,red,0,0,0,0,1,0,1,0,0,0,black,red
Argentina,South America,Sul-Oeste,2777,28,Spanish,Catholic,0,3,2,0,0,1,0,1,0,0,blue,0,0,0,0,0,0,0,0,0,0,blue,blue
Argentine,South America,Sul-Oeste,2777,28,Spanish,Catholic,0,3,3,0,0,1,1,1,0,0,blue,0,0,0,0,1,0,0,0,0,0,blue,blue
Australia,Oceania,Sul-Leste,7690,15,English,Other Christian,0,0,3,1,0,1,0,1,0,0,blue,0,1,1,1,6,0,0,0,0,0,white,blue
Austria,Europa,Norte-Leste,84,8,German,Catholic,0,3,2,1,0,0,0,1,0,0,red,0,0,0,0,0,0,0,0,0,0,red,red
Bahamas,North America,Norte-Oeste,19,0,English,Other Christian,0,3,3,0,0,1,1,0,1,0,blue,0,0,0,0,0,0,1,0,0,0,blue,blue
Bahrain,Asia,Norte-Leste,1,0,Arabic,Muslim,0,0,2,1,0,0,0,1,0,0,red,0,0,0,0,0,0,0,0,0,0,white,red
Bangladesh,Asia,Norte-Leste,143,90,Outro Indo-Europeu,Muslim,0,0,2,1,1,0,0,0,0,0,green,1,0,0,0,0,0,0,0,0,0,green,green
Barbados,North America,Norte-Oeste,0,0,English,Other Christian,3,0,3,0,0,1,1,0,1,0,blue,0,0,0,0,0,0,0,1,0,0,blue,blue
Belgium,Europa,Norte-Leste,31,10,Outro Indo-Europeu,Catholic,3,0,3,1,0,0,1,0,1,0,gold,0,0,0,0,0,0,0,0,0,0,black,red
Belize,North America,Norte-Oeste,23,0,English,Other Christian,0,2,8,1,1,1,1,1,1,1,blue,1,0,0,0,0,0,0,1,1,1,red,red
Benin,Africa,Norte-Leste,113,3,French,Ethnic,0,0,2,1,1,0,0,0,0,0,green,0,0,0,0,1,0,0,0,0,0,green,green
Bermuda,North America,Norte-Oeste,0,0,English,Other Christian,0,0,6,1,1,1,1,1,1,0,red,1,1,1,1,0,0,0,1,1,0,white,red
Bhutan,Asia,Norte-Leste,47,1,Others,Buddhist,0,0,4,1,0,0,0,1,1,1,orange,4,0,0,0,0,0,0,0,1,0,orange,red
Bolivia,South America,Sul-Oeste,1099,6,Spanish,Catholic,0,3,3,1,1,0,1,0,0,0,red,0,0,0,0,0,0,0,0,0,0,red,green
Botswana,Africa,Sul-Leste,600,1,Others,Ethnic,0,5,3,0,0,1,0,1,1,0,blue,0,0,0,0,0,0,0,0,0,0,blue,blue
Brazil,South America,Sul-Oeste,8512,119,Outro Indo-Europeu,Catholic,0,0,4,0,1,1,1,1,0,0,green,1,0,0,0,22,0,0,0,0,1,green,green
British-Virgin-Isles,North America,Norte-Oeste,0,0,English,Other Christian,0,0,6,1,1,1,1,1,0,1,blue,0,1,1,1,0,0,0,1,1,1,white,blue
Brunei,Asia,Norte-Leste,6,0,Others,Muslim,0,0,4,1,0,0,1,1,1,0,gold,0,0,0,0,0,0,1,1,1,1,white,gold
Bulgaria,Europa,Norte-Leste,111,9,Slavic,Marxist,0,3,5,1,1,1,1,1,0,0,red,0,0,0,0,1,0,0,1,1,0,white,red
Burkina,Africa,Norte-Oeste,274,7,French,Ethnic,0,2,3,1,1,0,1,0,0,0,red,0,0,0,0,1,0,0,0,0,0,red,green
Burma,Asia,Norte-Leste,678,35,Others,Buddhist,0,0,3,1,0,1,0,1,0,0,red,0,0,0,1,14,0,0,1,1,0,blue,red
Burundi,Africa,Sul-Leste,28,4,Others,Ethnic,0,0,3,1,1,0,0,1,0,0,red,1,0,1,0,3,0,0,0,0,0,white,white
Cameroon,Africa,Norte-Leste,474,8,French,Other Christian,3,0,3,1,1,0,1,0,0,0,gold,0,0,0,0,1,0,0,0,0,0,green,gold
Canada,North America,Norte-Oeste,9976,24,English,Other Christian,2,0,2,1,0,0,0,1,0,0,red,0,0,0,0,0,0,0,0,1,0,red,red
Cape-Verde-Islands,Africa,Norte-Oeste,4,0,Outro Indo-Europeu,Catholic,1,2,5,1,1,0,1,0,1,1,gold,0,0,0,0,1,0,0,0,1,0,red,green
Cayman-Islands,North America,Norte-Oeste,0,0,English,Other Christian,0,0,6,1,1,1,1,1,0,1,blue,1,1,1,1,4,0,0,1,1,1,white,blue
Central-African-Republic,Africa,Norte-Leste,623,2,Others,Ethnic,1,0,5,1,1,1,1,1,0,0,gold,0,0,0,0,1,0,0,0,0,0,blue,gold
Chad,Africa,Norte-Leste,1284,4,French,Ethnic,3,0,3,1,0,1,1,0,0,0,gold,0,0,0,0,0,0,0,0,0,0,blue,red
Chile,South America,Sul-Oeste,757,11,Spanish,Catholic,0,2,3,1,0,1,0,1,0,0,red,0,0,0,1,1,0,0,0,0,0,blue,red
China,Asia,Norte-Leste,9561,1008,Chinese,Marxist,0,0,2,1,0,0,1,0,0,0,red,0,0,0,0,5,0,0,0,0,0,red,red
Colombia,South America,Norte-Oeste,1139,28,Spanish,Catholic,0,3,3,1,0,1,1,0,0,0,gold,0,0,0,0,0,0,0,0,0,0,gold,red
Comorro-Islands,Africa,Sul-Leste,2,0,French,Muslim,0,0,2,0,1,0,0,1,0,0,green,0,0,0,0,4,1,0,0,0,0,green,green
Congo,Africa,Sul-Leste,342,2,Others,Ethnic,0,0,3,1,1,0,1,0,0,0,red,0,0,0,0,1,0,0,1,1,0,red,red
Cook-Islands,Oceania,Sul-Oeste,0,0,English,Other Christian,0,0,4,1,0,1,0,1,0,0,blue,1,1,1,1,15,0,0,0,0,0,white,blue
Costa-Rica,North America,Norte-Oeste,51,2,Spanish,Catholic,0,5,3,1,0,1,0,1,0,0,blue,0,0,0,0,0,0,0,0,0,0,blue,blue
Cuba,North America,Norte-Oeste,115,10,Spanish,Marxist,0,5,3,1,0,1,0,1,0,0,blue,0,0,0,0,1,0,1,0,0,0,blue,blue
Cyprus,Europa,Norte-Leste,9,1,Outro Indo-Europeu,Other Christian,0,0,3,0,1,0,1,1,0,0,white,0,0,0,0,0,0,0,1,1,0,white,white
Czechoslovakia,Europa,Norte-Leste,128,15,Slavic,Marxist,0,0,3,1,0,1,0,1,0,0,white,0,0,0,0,0,0,1,0,0,0,white,red
Denmark,Europa,Norte-Leste,43,5,Outro Indo-Europeu,Other Christian,0,0,2,1,0,0,0,1,0,0,red,0,1,0,0,0,0,0,0,0,0,red,red
Djibouti,Africa,Norte-Leste,22,0,French,Muslim,0,0,4,1,1,1,0,1,0,0,blue,0,0,0,0,1,0,1,0,0,0,white,green
Dominica,North America,Norte-Oeste,0,0,English,Other Christian,0,0,6,1,1,1,1,1,1,0,green,1,0,0,0,10,0,0,0,1,0,green,green
Dominican-Republic,North America,Norte-Oeste,49,6,Spanish,Catholic,0,0,3,1,0,1,0,1,0,0,blue,0,1,0,0,0,0,0,0,0,0,blue,blue
Ecuador,South America,Sul-Oeste,284,8,Spanish,Catholic,0,3,3,1,0,1,1,0,0,0,gold,0,0,0,0,0,0,0,0,0,0,gold,red
Egypt,Africa,Norte-Leste,1001,47,Arabic,Muslim,0,3,4,1,0,0,1,1,1,0,black,0,0,0,0,0,0,0,0,1,1,red,black
El-Salvador,North America,Norte-Oeste,21,5,Spanish,Catholic,0,3,2,0,0,1,0,1,0,0,blue,0,0,0,0,0,0,0,0,0,0,blue,blue
Equatorial-Guinea,Africa,Norte-Leste,28,0,Others,Ethnic,0,3,4,1,1,1,0,1,0,0,green,0,0,0,0,0,0,1,0,0,0,green,red
Ethiopia,Africa,Norte-Leste,1222,31,Others,Other Christian,0,3,3,1,1,0,1,0,0,0,green,0,0,0,0,0,0,0,0,0,0,green,red
Faeroes,Europa,Norte-Oeste,1,0,Outro Indo-Europeu,Other Christian,0,0,3,1,0,1,0,1,0,0,white,0,1,0,0,0,0,0,0,0,0,white,white
Falklands-Malvinas,South America,Sul-Oeste,12,0,English,Other Christian,0,0,6,1,1,1,1,1,0,0,blue,1,1,1,1,0,0,0,1,1,1,white,blue
Fiji,Oceania,Sul-Leste,18,1,English,Other Christian,0,0,7,1,1,1,1,1,0,1,blue,0,2,1,1,0,0,0,1,1,0,white,blue
Finland,Europa,Norte-Leste,337,5,Japanese/Turkish/Finnish/Magyar,Other Christian,0,0,2,0,0,1,0,1,0,0,white,0,1,0,0,0,0,0,0,0,0,white,white
France,Europa,Norte-Leste,547,54,French,Catholic,3,0,3,1,0,1,0,1,0,0,white,0,0,0,0,0,0,0,0,0,0,blue,red
French-Guiana,South America,Norte-Oeste,91,0,French,Catholic,3,0,3,1,0,1,0,1,0,0,white,0,0,0,0,0,0,0,0,0,0,blue,red
French-Polynesia,Oceania,Sul-Oeste,4,0,French,Catholic,0,3,5,1,0,1,1,1,1,0,red,1,0,0,0,1,0,0,1,0,0,red,red
Gabon,Africa,Sul-Leste,268,1,Others,Ethnic,0,3,3,0,1,1,1,0,0,0,green,0,0,0,0,0,0,0,0,0,0,green,blue
Gambia,Africa,Norte-Oeste,10,1,English,Ethnic,0,5,4,1,1,1,0,1,0,0,red,0,0,0,0,0,0,0,0,0,0,red,green
Germany-DDR,Europa,Norte-Leste,108,17,German,Marxist,0,3,3,1,0,0,1,0,1,0,gold,0,0,0,0,0,0,0,1,0,0,black,gold
Germany-FRG,Europa,Norte-Leste,249,61,German,Other Christian,0,3,3,1,0,0,1,0,1,0,black,0,0,0,0,0,0,0,0,0,0,black,gold
Ghana,Africa,Norte-Oeste,239,14,English,Ethnic,0,3,4,1,1,0,1,0,1,0,red,0,0,0,0,1,0,0,0,0,0,red,green
Gibraltar,Europa,Norte-Oeste,0,0,English,Other Christian,0,1,3,1,0,0,1,1,0,0,white,0,0,0,0,0,0,0,1,0,0,white,red
Greece,Europa,Norte-Leste,132,10,Outro Indo-Europeu,Other Christian,0,9,2,0,0,1,0,1,0,0,blue,0,1,0,1,0,0,0,0,0,0,blue,blue
Greenland,North America,Norte-Oeste,2176,0,Outro Indo-Europeu,Other Christian,0,0,2,1,0,0,0,1,0,0,white,1,0,0,0,0,0,0,0,0,0,white,red
Grenada,North America,Norte-Oeste,0,0,English,Other Christian,0,0,3,1,1,0,1,0,0,0,gold,1,0,0,0,7,0,1,0,1,0,red,red
Guam,Oceania,Norte-Leste,0,0,English,Other Christian,0,0,7,1,1,1,1,1,0,1,blue,0,0,0,0,0,0,0,1,1,1,red,red
Guatemala,North America,Norte-Oeste,109,8,Spanish,Catholic,3,0,2,0,0,1,0,1,0,0,blue,0,0,0,0,0,0,0,0,0,0,blue,blue
Guinea,Africa,Norte-Oeste,246,6,French,Muslim,3,0,3,1,1,0,1,0,0,0,gold,0,0,0,0,0,0,0,0,0,0,red,green
Guinea-Bissau,Africa,Norte-Oeste,36,1,Outro Indo-Europeu,Ethnic,1,2,4,1,1,0,1,0,1,0,gold,0,0,0,0,1,0,0,0,0,0,red,green
Guyana,South America,Norte-Oeste,215,1,English,Hindu,0,0,5,1,1,0,1,1,1,0,green,0,0,0,0,0,0,1,0,0,0,black,green
Haiti,North America,Norte-Oeste,28,6,French,Catholic,2,0,2,1,0,0,0,0,1,0,black,0,0,0,0,0,0,0,0,0,0,black,red
Honduras,North America,Norte-Oeste,112,4,Spanish,Catholic,0,3,2,0,0,1,0,1,0,0,blue,0,0,0,0,5,0,0,0,0,0,blue,blue
Hong-Kong,Asia,Norte-Leste,1,5,Chinese,Buddhist,0,0,6,1,1,1,1,1,0,1,blue,1,1,1,1,0,0,0,1,1,1,white,blue
Hungary,Europa,Norte-Leste,93,11,Japanese/Turkish/Finnish/Magyar,Marxist,0,3,3,1,1,0,0,1,0,0,red,0,0,0,0,0,0,0,0,0,0,red,green
Iceland,Europa,Norte-Oeste,103,0,Outro Indo-Europeu,Other Christian,0,0,3,1,0,1,0,1,0,0,blue,0,1,0,0,0,0,0,0,0,0,blue,blue
India,Asia,Norte-Leste,3268,684,Outro Indo-Europeu,Hindu,0,3,4,0,1,1,0,1,0,1,orange,1,0,0,0,0,0,0,1,0,0,orange,green
Indonesia,Oceania,Sul-Leste,1904,157,Others,Muslim,0,2,2,1,0,0,0,1,0,0,red,0,0,0,0,0,0,0,0,0,0,red,white
Iran,Asia,Norte-Leste,1648,39,Outro Indo-Europeu,Muslim,0,3,3,1,1,0,0,1,0,0,red,0,0,0,0,0,0,0,1,0,1,green,red
Iraq,Asia,Norte-Leste,435,14,Arabic,Muslim,0,3,4,1,1,0,0,1,1,0,red,0,0,0,0,3,0,0,0,0,0,red,black
Ireland,Europa,Norte-Oeste,70,3,English,Catholic,3,0,3,0,1,0,0,1,0,1,white,0,0,0,0,0,0,0,0,0,0,green,orange
Israel,Asia,Norte-Leste,21,4,Others,Others,0,2,2,0,0,1,0,1,0,0,white,0,0,0,0,1,0,0,0,0,0,blue,blue
Italy,Europa,Norte-Leste,301,57,Outro Indo-Europeu,Catholic,3,0,3,1,1,0,0,1,0,0,white,0,0,0,0,0,0,0,0,0,0,green,red
Ivory-Coast,Africa,Norte-Oeste,323,7,French,Ethnic,3,0,3,1,1,0,0,1,0,0,white,0,0,0,0,0,0,0,0,0,0,red,green
Jamaica,North America,Norte-Oeste,11,2,English,Other Christian,0,0,3,0,1,0,1,0,1,0,green,0,0,1,0,0,0,1,0,0,0,gold,gold
Japan,Asia,Norte-Leste,372,118,Japanese/Turkish/Finnish/Magyar,Others,0,0,2,1,0,0,0,1,0,0,white,1,0,0,0,1,0,0,0,0,0,white,white
Jordan,Asia,Norte-Leste,98,2,Arabic,Muslim,0,3,4,1,1,0,0,1,1,0,black,0,0,0,0,1,0,1,0,0,0,black,green
Kampuchea,Asia,Norte-Leste,181,6,Others,Buddhist,0,0,2,1,0,0,1,0,0,0,red,0,0,0,0,0,0,0,1,0,0,red,red
Kenya,Africa,Norte-Leste,583,17,Others,Ethnic,0,5,4,1,1,0,0,1,1,0,red,1,0,0,0,0,0,0,1,0,0,black,green
Kiribati,Oceania,Norte-Leste,0,0,English,Other Christian,0,0,4,1,0,1,1,1,0,0,red,0,0,0,0,1,0,0,1,1,0,red,blue
Kuwait,Asia,Norte-Leste,18,2,Arabic,Muslim,0,3,4,1,1,0,0,1,1,0,green,0,0,0,0,0,0,0,0,0,0,green,red
Laos,Asia,Norte-Leste,236,3,Others,Marxist,0,3,3,1,0,1,0,1,0,0,red,1,0,0,0,0,0,0,0,0,0,red,red
Lebanon,Asia,Norte-Leste,10,3,Arabic,Muslim,0,2,4,1,1,0,0,1,0,1,red,0,0,0,0,0,0,0,0,1,0,red,red
Lesotho,Africa,Sul-Leste,30,1,Others,Ethnic,2,0,4,1,1,1,0,1,0,0,blue,0,0,0,0,0,0,0,1,0,0,green,blue
Liberia,Africa,Norte-Oeste,111,1,Others,Ethnic,0,11,3,1,0,1,0,1,0,0,red,0,0,0,1,1,0,0,0,0,0,blue,red
Libya,Africa,Norte-Leste,1760,3,Arabic,Muslim,0,0,1,0,1,0,0,0,0,0,green,0,0,0,0,0,0,0,0,0,0,green,green
Liechtenstein,Europa,Norte-Leste,0,0,German,Catholic,0,2,3,1,0,1,1,0,0,0,red,0,0,0,0,0,0,0,1,0,0,blue,red
Luxembourg,Europa,Norte-Leste,3,0,German,Catholic,0,3,3,1,0,1,0,1,0,0,red,0,0,0,0,0,0,0,0,0,0,red,blue
Malagasy,Africa,Sul-Leste,587,9,Others,Other Christian,1,2,3,1,1,0,0,1,0,0,red,0,0,0,0,0,0,0,0,0,0,white,green
Malawi,Africa,Sul-Leste,118,6,Others,Ethnic,0,3,3,1,1,0,0,0,1,0,red,0,0,0,0,1,0,0,0,0,0,black,green
Malaysia,Asia,Norte-Leste,333,13,Others,Muslim,0,14,4,1,0,1,1,1,0,0,red,0,0,0,1,1,1,0,0,0,0,blue,white
Maldive-Islands,Asia,Norte-Leste,0,0,Others,Muslim,0,0,3,1,1,0,0,1,0,0,red,0,0,0,0,0,1,0,0,0,0,red,red
Mali,Africa,Norte-Oeste,1240,7,French,Muslim,3,0,3,1,1,0,1,0,0,0,gold,0,0,0,0,0,0,0,0,0,0,green,red
Malta,Europa,Norte-Leste,0,0,Others,Catholic,2,0,3,1,0,0,0,1,1,0,red,0,1,0,0,0,0,0,1,0,0,white,red
Marianas,Oceania,Norte-Leste,0,0,Others,Other Christian,0,0,3,0,0,1,0,1,0,0,blue,0,0,0,0,1,0,0,1,0,0,blue,blue
Mauritania,Africa,Norte-Oeste,1031,2,Arabic,Muslim,0,0,2,0,1,0,1,0,0,0,green,0,0,0,0,1,1,0,0,0,0,green,green
Mauritius,Africa,Sul-Leste,2,1,English,Hindu,0,4,4,1,1,1,1,0,0,0,red,0,0,0,0,0,0,0,0,0,0,red,green
Mexico,North America,Norte-Oeste,1973,77,Spanish,Catholic,3,0,4,1,1,0,0,1,0,1,green,0,0,0,0,0,0,0,0,1,0,green,red
Micronesia,Oceania,Norte-Leste,1,0,Others,Other Christian,0,0,2,0,0,1,0,1,0,0,blue,0,0,0,0,4,0,0,0,0,0,blue,blue
Monaco,Europa,Norte-Leste,0,0,French,Catholic,0,2,2,1,0,0,0,1,0,0,red,0,0,0,0,0,0,0,0,0,0,red,white
Mongolia,Asia,Norte-Leste,1566,2,Others,Marxist,3,0,3,1,0,1,1,0,0,0,red,2,0,0,0,1,1,1,1,0,0,red,red
Montserrat,North America,Norte-Oeste,0,0,English,Other Christian,0,0,7,1,1,1,1,1,1,0,blue,0,2,1,1,0,0,0,1,1,0,white,blue
Morocco,Africa,Norte-Oeste,447,20,Arabic,Muslim,0,0,2,1,1,0,0,0,0,0,red,0,0,0,0,1,0,0,0,0,0,red,red
Mozambique,Africa,Sul-Leste,783,12,Others,Ethnic,0,5,5,1,1,0,1,1,1,0,gold,0,0,0,0,1,0,1,1,0,0,green,gold
Nauru,Oceania,Sul-Leste,0,0,Others,Other Christian,0,3,3,0,0,1,1,1,0,0,blue,0,0,0,0,1,0,0,0,0,0,blue,blue
Nepal,Asia,Norte-Leste,140,16,Others,Hindu,0,0,3,0,0,1,0,1,0,1,brown,0,0,0,0,2,1,0,0,0,0,blue,blue
Netherlands,Europa,Norte-Leste,41,14,Outro Indo-Europeu,Other Christian,0,3,3,1,0,1,0,1,0,0,red,0,0,0,0,0,0,0,0,0,0,red,blue
Netherlands-Antilles,North America,Norte-Oeste,0,0,Outro Indo-Europeu,Other Christian,0,1,3,1,0,1,0,1,0,0,white,0,0,0,0,6,0,0,0,0,0,white,white
New-Zealand,Oceania,Sul-Leste,268,2,English,Other Christian,0,0,3,1,0,1,0,1,0,0,blue,0,1,1,1,4,0,0,0,0,0,white,blue
Nicaragua,North America,Norte-Oeste,128,3,Spanish,Catholic,0,3,2,0,0,1,0,1,0,0,blue,0,0,0,0,0,0,0,0,0,0,blue,blue
Niger,Africa,Norte-Leste,1267,5,French,Muslim,0,3,3,0,1,0,0,1,0,1,orange,1,0,0,0,0,0,0,0,0,0,orange,green
Nigeria,Africa,Norte-Leste,925,56,Others,Muslim,3,0,2,0,1,0,0,1,0,0,green,0,0,0,0,0,0,0,0,0,0,green,green
Niue,Oceania,Sul-Oeste,0,0,English,Other Christian,0,0,4,1,0,1,1,1,0,0,gold,1,1,1,1,5,0,0,0,0,0,white,gold
North-Korea,Asia,Norte-Leste,121,18,Others,Marxist,0,5,3,1,0,1,0,1,0,0,blue,1,0,0,0,1,0,0,0,0,0,blue,blue
North-Yemen,Asia,Norte-Leste,195,9,Arabic,Muslim,0,3,4,1,1,0,0,1,1,0,red,0,0,0,0,1,0,0,0,0,0,red,black
Norway,Europa,Norte-Leste,324,4,Outro Indo-Europeu,Other Christian,0,0,3,1,0,1,0,1,0,0,red,0,1,0,0,0,0,0,0,0,0,red,red
Oman,Asia,Norte-Leste,212,1,Arabic,Muslim,0,2,3,1,1,0,0,1,0,0,red,0,0,0,0,0,0,0,1,0,0,red,green
Pakistan,Asia,Norte-Leste,804,84,Outro Indo-Europeu,Muslim,1,0,2,0,1,0,0,1,0,0,green,0,0,0,0,1,1,0,0,0,0,white,green
Panama,South America,Norte-Oeste,76,2,Spanish,Catholic,0,0,3,1,0,1,0,1,0,0,red,0,0,0,4,2,0,0,0,0,0,white,white
Papua-New-Guinea,Oceania,Sul-Leste,463,3,English,Ethnic,0,0,4,1,0,0,1,1,1,0,black,0,0,0,0,5,0,1,0,1,0,red,black
Parguay,South America,Sul-Oeste,407,3,Spanish,Catholic,0,3,6,1,1,1,1,1,1,0,red,1,0,0,0,1,0,0,1,1,1,red,blue
Peru,South America,Sul-Oeste,1285,14,Spanish,Catholic,3,0,2,1,0,0,0,1,0,0,red,0,0,0,0,0,0,0,0,0,0,red,red
Philippines,Oceania,Norte-Leste,300,48,Others,Catholic,0,0,4,1,0,1,1,1,0,0,blue,0,0,0,0,4,0,1,0,0,0,blue,red
Poland,Europa,Norte-Leste,313,36,Slavic,Marxist,0,2,2,1,0,0,0,1,0,0,white,0,0,0,0,0,0,0,0,0,0,white,red
Portugal,Europa,Norte-Oeste,92,10,Outro Indo-Europeu,Catholic,0,0,5,1,1,1,1,1,0,0,red,1,0,0,0,0,0,0,1,0,0,green,red
Puerto-Rico,North America,Norte-Oeste,9,3,Spanish,Catholic,0,5,3,1,0,1,0,1,0,0,red,0,0,0,0,1,0,1,0,0,0,red,red
Qatar,Asia,Norte-Leste,11,0,Arabic,Muslim,0,0,2,0,0,0,0,1,0,1,brown,0,0,0,0,0,0,0,0,0,0,white,brown
Romania,Europa,Norte-Leste,237,22,Outro Indo-Europeu,Marxist,3,0,7,1,1,1,1,1,0,1,red,0,0,0,0,2,0,0,1,1,1,blue,red
Rwanda,Africa,Sul-Leste,26,5,Others,Ethnic,3,0,4,1,1,0,1,0,1,0,red,0,0,0,0,0,0,0,0,0,1,red,green
San-Marino,Europa,Norte-Leste,0,0,Outro Indo-Europeu,Catholic,0,2,2,0,0,1,0,1,0,0,white,0,0,0,0,0,0,0,0,0,0,white,blue
Sao-Tome,Africa,Norte-Leste,0,0,Outro Indo-Europeu,Catholic,0,3,4,1,1,0,1,0,1,0,green,0,0,0,0,2,0,1,0,0,0,green,green
Saudi-Arabia,Asia,Norte-Leste,2150,9,Arabic,Muslim,0,0,2,0,1,0,0,1,0,0,green,0,0,0,0,0,0,0,1,0,1,green,green
Senegal,Africa,Norte-Oeste,196,6,French,Muslim,3,0,3,1,1,0,1,0,0,0,green,0,0,0,0,1,0,0,0,0,0,green,red
Seychelles,Africa,Sul-Leste,0,0,English,Other Christian,0,0,3,1,1,0,0,1,0,0,red,0,0,0,0,0,0,0,0,0,0,red,green
Sierra-Leone,Africa,Norte-Oeste,72,3,English,Ethnic,0,3,3,0,1,1,0,1,0,0,green,0,0,0,0,0,0,0,0,0,0,green,blue
Singapore,Asia,Norte-Leste,1,3,Chinese,Buddhist,0,2,2,1,0,0,0,1,0,0,white,0,0,0,0,5,1,0,0,0,0,red,white
Soloman-Islands,Oceania,Sul-Leste,30,0,English,Other Christian,0,0,4,0,1,1,1,1,0,0,green,0,0,0,0,5,0,1,0,0,0,blue,green
Somalia,Africa,Norte-Leste,637,5,Others,Muslim,0,0,2,0,0,1,0,1,0,0,blue,0,0,0,0,1,0,0,0,0,0,blue,blue
South-Africa,Africa,Sul-Leste,1221,29,Outro Indo-Europeu,Other Christian,0,3,5,1,1,1,0,1,0,1,orange,0,1,1,0,0,0,0,0,0,0,orange,blue
South-Korea,Asia,Norte-Leste,99,39,Others,Others,0,0,4,1,0,1,0,1,1,0,white,1,0,0,0,0,0,0,1,0,0,white,white
South-Yemen,Asia,Norte-Leste,288,2,Arabic,Muslim,0,3,4,1,0,1,0,1,1,0,red,0,0,0,0,1,0,1,0,0,0,red,black
Spain,Europa,Norte-Oeste,505,38,Spanish,Catholic,0,3,2,1,0,0,1,0,0,0,red,0,0,0,0,0,0,0,0,0,0,red,red
Sri-Lanka,Asia,Norte-Leste,66,15,Others,Buddhist,2,0,4,0,1,0,1,0,0,1,gold,0,0,0,0,0,0,0,1,1,0,gold,gold
St-Helena,Africa,Sul-Oeste,0,0,English,Other Christian,0,0,7,1,1,1,1,1,0,1,blue,0,1,1,1,0,0,0,1,0,0,white,blue
St-Kitts-Nevis,North America,Norte-Oeste,0,0,English,Other Christian,0,0,5,1,1,0,1,1,1,0,green,0,0,0,0,2,0,1,0,0,0,green,red
St-Lucia,North America,Norte-Oeste,0,0,English,Other Christian,0,0,4,0,0,1,1,1,1,0,blue,0,0,0,0,0,0,1,0,0,0,blue,blue
St-Vincent,North America,Norte-Oeste,0,0,English,Other Christian,5,0,4,0,1,1,1,1,0,0,green,0,0,0,0,0,0,0,1,1,1,blue,green
Sudan,Africa,Norte-Leste,2506,20,Arabic,Muslim,0,3,4,1,1,0,0,1,1,0,red,0,0,0,0,0,0,1,0,0,0,red,black
Surinam,South America,Norte-Oeste,63,0,Outro Indo-Europeu,Other Christian,0,5,4,1,1,0,1,1,0,0,red,0,0,0,0,1,0,0,0,0,0,green,green
Swaziland,Africa,Sul-Leste,17,1,Others,Other Christian,0,5,7,1,0,1,1,1,1,1,blue,0,0,0,0,0,0,0,1,0,0,blue,blue
Sweden,Europa,Norte-Leste,450,8,Outro Indo-Europeu,Other Christian,0,0,2,0,0,1,1,0,0,0,blue,0,1,0,0,0,0,0,0,0,0,blue,blue
Switzerland,Europa,Norte-Leste,41,6,German,Other Christian,0,0,2,1,0,0,0,1,0,0,red,0,1,0,0,0,0,0,0,0,0,red,red
Syria,Asia,Norte-Leste,185,10,Arabic,Muslim,0,3,4,1,1,0,0,1,1,0,red,0,0,0,0,2,0,0,0,0,0,red,black
Taiwan,Asia,Norte-Leste,36,18,Chinese,Buddhist,0,0,3,1,0,1,0,1,0,0,red,1,0,0,1,1,0,0,0,0,0,blue,red
Tanzania,Africa,Sul-Leste,945,18,Others,Ethnic,0,0,4,0,1,1,1,0,1,0,green,0,0,0,0,0,0,1,0,0,0,green,blue
Thailand,Asia,Norte-Leste,514,49,Others,Buddhist,0,5,3,1,0,1,0,1,0,0,red,0,0,0,0,0,0,0,0,0,0,red,red
Togo,Africa,Norte-Leste,57,2,French,Others,0,5,4,1,1,0,1,1,0,0,green,0,0,0,1,1,0,0,0,0,0,red,green
Tonga,Oceania,Sul-Leste,1,0,Others,Other Christian,0,0,2,1,0,0,0,1,0,0,red,0,1,0,1,0,0,0,0,0,0,white,red
Trinidad-Tobago,South America,Norte-Oeste,5,1,English,Other Christian,0,0,3,1,0,0,0,1,1,0,red,0,0,0,0,0,0,1,0,0,0,white,white
Tunisia,Africa,Norte-Leste,164,7,Arabic,Muslim,0,0,2,1,0,0,0,1,0,0,red,1,0,0,0,1,1,0,0,0,0,red,red
Turkey,Asia,Norte-Leste,781,45,Japanese/Turkish/Finnish/Magyar,Muslim,0,0,2,1,0,0,0,1,0,0,red,0,0,0,0,1,1,0,0,0,0,red,red
Turks-Cocos-Islands,North America,Norte-Oeste,0,0,English,Other Christian,0,0,6,1,1,1,1,1,0,1,blue,0,1,1,1,0,0,0,1,1,0,white,blue
Tuvalu,Oceania,Sul-Leste,0,0,English,Other Christian,0,0,5,1,0,1,1,1,0,0,blue,0,1,1,1,9,0,0,0,0,0,white,blue
UAE,Asia,Norte-Leste,84,1,Arabic,Muslim,1,3,4,1,1,0,0,1,1,0,green,0,0,0,0,0,0,0,0,0,0,red,black
Uganda,Africa,Norte-Leste,236,13,Others,Ethnic,0,6,5,1,0,0,1,1,1,0,gold,1,0,0,0,0,0,0,0,1,0,black,red
UK,Europa,Norte-Oeste,245,56,English,Other Christian,0,0,3,1,0,1,0,1,0,0,red,0,1,1,0,0,0,0,0,0,0,white,red
Uruguay,South America,Sul-Oeste,178,3,Spanish,Catholic,0,9,3,0,0,1,1,1,0,0,white,0,0,0,1,1,0,0,0,0,0,white,white
US-Virgin-Isles,North America,Norte-Oeste,0,0,English,Other Christian,0,0,6,1,1,1,1,1,0,0,white,0,0,0,0,0,0,0,1,1,1,white,white
USA,North America,Norte-Oeste,9363,231,English,Other Christian,0,13,3,1,0,1,0,1,0,0,white,0,0,0,1,50,0,0,0,0,0,blue,red
USSR,Asia,Norte-Leste,22402,274,Slavic,Marxist,0,0,2,1,0,0,1,0,0,0,red,0,0,0,0,1,0,0,1,0,0,red,red
Vanuatu,Oceania,Sul-Leste,15,0,Outro Indo-Europeu,Other Christian,0,0,4,1,1,0,1,0,1,0,red,0,0,0,0,0,0,1,0,1,0,black,green
Vatican-City,Europa,Norte-Leste,0,0,Outro Indo-Europeu,Catholic,2,0,4,1,0,0,1,1,1,0,gold,0,0,0,0,0,0,0,1,0,0,gold,white
Venezuela,South America,Norte-Oeste,912,15,Spanish,Catholic,0,3,7,1,1,1,1,1,1,1,red,0,0,0,0,7,0,0,1,1,0,gold,red
Vietnam,Asia,Norte-Leste,333,60,Others,Marxist,0,0,2,1,0,0,1,0,0,0,red,0,0,0,0,1,0,0,0,0,0,red,red
Western-Samoa,Oceania,Sul-Oeste,3,0,English,Other Christian,0,0,3,1,0,1,0,1,0,0,red,0,0,0,1,5,0,0,0,0,0,blue,red
Yugoslavia,Europa,Norte-Leste,256,22,Outro Indo-Europeu,Marxist,0,3,4,1,0,1,1,1,0,0,red,0,0,0,0,1,0,0,0,0,0,blue,red
Zaire,Africa,Sul-Leste,905,28,Others,Ethnic,0,0,4,1,1,0,1,0,0,1,green,1,0,0,0,0,0,0,1,1,0,green,green
Zambia,Africa,Sul-Leste,753,6,Others,Ethnic,3,0,4,1,1,0,0,0,1,1,green,0,0,0,0,0,0,0,0,1,0,green,brown
Zimbabwe,Africa,Sul-Leste,391,8,Others,Ethnic,0,7,5,1,1,0,1,1,1,0,green,0,0,0,0,1,0,1,1,1,0,green,green